{"cameraMode":{"drawMode":0,"name":"Shaded","section":"Shading Mode"},"sceneLighting":true,"audioPlay":false,"sceneViewState":{"showFog":true,"showMaterialUpdate":false,"showSkybox":true,"showFlares":true,"showImageEffects":true,"showParticleSystems":true},"in2DMode":false,"pivot":{"x":13.331466674804688,"y":-2.3900301456451418,"z":-7.018153667449951},"rotation":{"x":-0.05470828711986542,"y":-0.7452923655509949,"z":0.6616257429122925,"w":-0.06162652000784874},"size":21.386497497558595,"orthographic":false}